Question,Sampling Rate,Experiment ID,File Name,Status,Match (Rfty Code),Match (Ori Code),Buggy Code,Buggy Mutation,Refactored Correct Code,Original Correct File Name,Rule ID,Repair,Stru. Matching Time,Online Refactoring Time,GCR Time,Stru. Mutation Time,Block Mapping Time,Variable Mapping Time,Specification&Synthesis Time,GPT Time,Total Time,#Passed Test Case,#Test Case,RPS
question_5,100,0,wrong_5_059.py,success_w_gpt_only,N/A,1,N/A,N/A,N/A,N/A,N/A,"def top_k ( lst , k ) :
    new_lst = [ ]
    for i in range ( k ) :
        new_lst . append ( max ( lst ) )
        lst . remove ( max ( lst ) )
    return new_lst


",N/A,N/A,N/A,N/A,N/A,N/A,N/A,0.012,0.015,N/A,N/A,N/A
question_5,100,0,wrong_5_082.py,success_w_gpt_only,N/A,0,N/A,N/A,N/A,N/A,N/A,"def top_k ( lst , k ) :
    sotsot = [ ]
    while lst :
        while ( len ( sotsot ) < k ) :
            sotsot . append ( max ( lst ) )
            lst . remove ( max ( lst ) )
        return sotsot


",N/A,N/A,N/A,N/A,N/A,N/A,N/A,0.002,0.006,N/A,N/A,N/A
question_5,100,0,wrong_5_103.py,success_w_gpt_only,N/A,1,N/A,N/A,N/A,N/A,N/A,"def top_k ( lst , k ) :
    new_lst = [ ]
    for i in range ( k ) :
        new_lst . append ( max ( lst ) )
        lst . remove ( max ( lst ) )
    return new_lst


",N/A,N/A,N/A,N/A,N/A,N/A,N/A,0.002,0.005,N/A,N/A,N/A
question_5,100,0,wrong_5_097.py,success_w_gpt_only,N/A,1,N/A,N/A,N/A,N/A,N/A,"def top_k ( lst , k ) :
    sort = [ ]
    while lst :
        largest = lst [ 0 ]
        for i in range ( len ( lst ) ) :
            if ( lst [ i ] > largest ) :
                largest = lst [ i ]
        sort . append ( largest )
        lst . remove ( largest )
    return sort [ : k ]


",N/A,N/A,N/A,N/A,N/A,N/A,N/A,0.002,0.006,N/A,N/A,N/A
question_5,100,0,wrong_5_036.py,fail_exception,N/A,0,N/A,N/A,N/A,N/A,N/A,N/A,N/A,N/A,N/A,N/A,N/A,N/A,N/A,0.002,0.006,N/A,N/A,N/A
question_5,100,0,wrong_5_048.py,success_w_gpt_only,N/A,1,N/A,N/A,N/A,N/A,N/A,"def top_k ( lst , k ) :
    sorted_lst = [ ]
    while lst :
        biggest = lst [ 0 ]
        for n in range ( 1 , len ( lst ) ) :
            if ( lst [ n ] >= biggest ) :
                biggest = lst [ n ]
        lst . remove ( biggest )
        sorted_lst . append ( biggest )
    return sorted_lst [ : k ]


",N/A,N/A,N/A,N/A,N/A,N/A,N/A,0.002,0.006,N/A,N/A,N/A
question_5,100,0,wrong_5_015.py,fail_exception,N/A,0,N/A,N/A,N/A,N/A,N/A,N/A,N/A,N/A,N/A,N/A,N/A,N/A,N/A,0.002,0.006,N/A,N/A,N/A
question_5,100,0,wrong_5_019.py,success_w_gpt_only,N/A,1,N/A,N/A,N/A,N/A,N/A,"def top_k ( lst , k ) :
    arranged = [ ]
    while ( k > 0 ) :
        max_val = max ( lst )
        lst . remove ( max_val )
        arranged . append ( max_val )
        k -= 1
    return arranged


",N/A,N/A,N/A,N/A,N/A,N/A,N/A,0.002,0.005,N/A,N/A,N/A
question_5,100,0,wrong_5_051.py,success_w_gpt_only,N/A,1,N/A,N/A,N/A,N/A,N/A,"def top_k ( lst , k ) :
    a = [ ]
    while lst :
        biggest = lst [ 0 ]
        for i in lst :
            if ( i > biggest ) :
                biggest = i
        lst . remove ( biggest )
        a . append ( biggest )
    return a [ 0 : k ]


",N/A,N/A,N/A,N/A,N/A,N/A,N/A,0.002,0.006,N/A,N/A,N/A
question_5,100,0,wrong_5_039.py,success_w_gpt_only,N/A,1,N/A,N/A,N/A,N/A,N/A,"def top_k ( lst , k ) :
    i = 0
    while ( ( i + 1 ) < len ( lst ) ) :
        if ( lst [ i ] < lst [ ( i + 1 ) ] ) :
            lst . extend ( [ lst [ i ] ] )
            lst . pop ( i )
            i = 0
        else :
            i += 1
    return lst [ : k ]


",N/A,N/A,N/A,N/A,N/A,N/A,N/A,0.002,0.006,N/A,N/A,N/A
question_5,100,0,wrong_5_056.py,success_w_gpt_only,N/A,1,N/A,N/A,N/A,N/A,N/A,"def top_k ( lst , k ) :
    values = [ ]
    while ( len ( values ) < k ) :
        greatest = lst [ 0 ]
        for item in lst :
            if ( item > greatest ) :
                greatest = item
        lst . remove ( greatest )
        values . append ( greatest )
    return values


",N/A,N/A,N/A,N/A,N/A,N/A,N/A,0.002,0.006,N/A,N/A,N/A
question_5,100,0,wrong_5_098.py,success_w_gpt_only,N/A,0,N/A,N/A,N/A,N/A,N/A,"def top_k ( lst , k ) :
    ls = [ ]
    for i in range ( k ) :
        ls . append ( max ( lst ) )
        lst . remove ( max ( lst ) )
    return ls


",N/A,N/A,N/A,N/A,N/A,N/A,N/A,0.002,0.005,N/A,N/A,N/A
question_5,100,0,wrong_5_068.py,success_w_gpt_only,N/A,1,N/A,N/A,N/A,N/A,N/A,"def top_k ( lst , k ) :
    new = [ ]
    for i in range ( k ) :
        new . append ( max ( lst ) )
        lst . remove ( max ( lst ) )
    return new


",N/A,N/A,N/A,N/A,N/A,N/A,N/A,0.002,0.005,N/A,N/A,N/A
question_5,100,0,wrong_5_088.py,success_w_gpt_only,N/A,1,N/A,N/A,N/A,N/A,N/A,"def top_k ( lst , k ) :
    ls = [ ]
    for i in range ( k ) :
        ls . append ( max ( lst ) )
        lst . remove ( max ( lst ) )
    return ls


",N/A,N/A,N/A,N/A,N/A,N/A,N/A,0.002,0.005,N/A,N/A,N/A
question_5,100,0,wrong_5_101.py,success_w_gpt_only,N/A,1,N/A,N/A,N/A,N/A,N/A,"def top_k ( lst , k ) :
    ls = [ ]
    for i in range ( k ) :
        ls . append ( max ( lst ) )
        lst . remove ( max ( lst ) )
    return ls


",N/A,N/A,N/A,N/A,N/A,N/A,N/A,0.002,0.005,N/A,N/A,N/A
question_5,100,0,wrong_5_069.py,fail_exception,N/A,1,N/A,N/A,N/A,N/A,N/A,N/A,N/A,N/A,N/A,N/A,N/A,N/A,N/A,0.002,0.005,N/A,N/A,N/A
question_5,100,0,wrong_5_022.py,success_w_gpt_only,N/A,1,N/A,N/A,N/A,N/A,N/A,"def top_k ( lst , k ) :
    rs = [ ]
    for qwerty in range ( 0 , k ) :
        biggest = lst [ 0 ]
        for i in lst :
            if ( biggest < i ) :
                biggest = i
        rs . append ( biggest )
        lst . remove ( biggest )
    return rs


",N/A,N/A,N/A,N/A,N/A,N/A,N/A,0.002,0.006,N/A,N/A,N/A
question_5,100,0,wrong_5_046.py,success_w_gpt_only,N/A,1,N/A,N/A,N/A,N/A,N/A,"def top_k ( lst , k ) :
    new_list = [ ]
    while ( len ( new_list ) < k ) :
        maximum = max ( lst )
        new_list . append ( maximum )
        lst . remove ( maximum )
    return new_list


",N/A,N/A,N/A,N/A,N/A,N/A,N/A,0.002,0.005,N/A,N/A,N/A
question_5,100,0,wrong_5_083.py,success_w_gpt_only,N/A,1,N/A,N/A,N/A,N/A,N/A,"def top_k ( lst , k ) :
    result = [ ]
    for i in range ( k ) :
        largest = lst [ 0 ]
        for element in lst :
            if ( element > largest ) :
                largest = element
        lst . remove ( largest )
        result . append ( largest )
    return result


",N/A,N/A,N/A,N/A,N/A,N/A,N/A,0.002,0.006,N/A,N/A,N/A
question_5,100,0,wrong_5_014.py,fail_exception,N/A,0,N/A,N/A,N/A,N/A,N/A,N/A,N/A,N/A,N/A,N/A,N/A,N/A,N/A,0.002,0.006,N/A,N/A,N/A
question_5,100,0,wrong_5_081.py,success_w_gpt_only,N/A,0,N/A,N/A,N/A,N/A,N/A,"def top_k ( lst , k ) :
    sotsot = [ ]
    while lst :
        while ( len ( sotsot ) < k ) :
            sotsot . append ( max ( lst ) )
            lst . remove ( max ( lst ) )
        return sotsot


",N/A,N/A,N/A,N/A,N/A,N/A,N/A,0.002,0.005,N/A,N/A,N/A
question_5,100,0,wrong_5_040.py,success_w_gpt_only,N/A,1,N/A,N/A,N/A,N/A,N/A,"def top_k ( lst , k ) :
    i = 0
    while ( ( i + 1 ) < len ( lst ) ) :
        if ( lst [ i ] < lst [ ( i + 1 ) ] ) :
            lst . extend ( [ lst [ i ] ] )
            lst . pop ( i )
            i = 0
        else :
            i += 1
    return lst [ : k ]


",N/A,N/A,N/A,N/A,N/A,N/A,N/A,0.002,0.007,N/A,N/A,N/A
question_5,100,0,wrong_5_087.py,success_w_gpt_only,N/A,1,N/A,N/A,N/A,N/A,N/A,"def top_k ( lst , k ) :
    ls = [ ]
    for i in range ( k ) :
        ls . append ( max ( lst ) )
        lst . remove ( max ( lst ) )
    return ls


",N/A,N/A,N/A,N/A,N/A,N/A,N/A,0.002,0.005,N/A,N/A,N/A
question_5,100,0,wrong_5_094.py,success_w_gpt_only,N/A,1,N/A,N/A,N/A,N/A,N/A,"def top_k ( lst , k ) :
    for i in range ( len ( lst ) ) :
        for j in range ( ( len ( lst ) - 1 ) ) :
            if ( lst [ j ] > lst [ ( j + 1 ) ] ) :
                ( lst [ j ] , lst [ ( j + 1 ) ] ) = ( lst [ ( j + 1 ) ] , lst [ j ] )
    lst . reverse ( )
    return lst [ : k ]


",N/A,N/A,N/A,N/A,N/A,N/A,N/A,0.002,0.007,N/A,N/A,N/A
question_5,100,0,wrong_5_085.py,fail_exception,N/A,1,N/A,N/A,N/A,N/A,N/A,N/A,N/A,N/A,N/A,N/A,N/A,N/A,N/A,0.002,0.006,N/A,N/A,N/A
question_5,100,0,wrong_5_107.py,success_w_gpt_only,N/A,1,N/A,N/A,N/A,N/A,N/A,"def top_k ( lst , k ) :
    newlst = [ ]
    for i in range ( k ) :
        newlst . append ( max ( lst ) )
        lst . remove ( max ( lst ) )
    return newlst


",N/A,N/A,N/A,N/A,N/A,N/A,N/A,0.002,0.005,N/A,N/A,N/A
question_5,100,0,wrong_5_053.py,success_w_gpt_only,N/A,1,N/A,N/A,N/A,N/A,N/A,"def top_k ( lst , k ) :
    op = [ ]
    for i in range ( k ) :
        op . append ( max ( lst ) )
        lst . remove ( max ( lst ) )
    return op


",N/A,N/A,N/A,N/A,N/A,N/A,N/A,0.002,0.005,N/A,N/A,N/A
question_5,100,0,wrong_5_065.py,success_w_gpt_only,N/A,1,N/A,N/A,N/A,N/A,N/A,"def top_k ( lst , k ) :
    x = [ ]
    for i in range ( k ) :
        y = lst [ 0 ]
        for j in lst :
            if ( y < j ) :
                y = j
        x . append ( y )
        lst . remove ( y )
    return x


",N/A,N/A,N/A,N/A,N/A,N/A,N/A,0.002,0.007,N/A,N/A,N/A
question_5,100,0,wrong_5_044.py,success_w_gpt_only,N/A,1,N/A,N/A,N/A,N/A,N/A,"def top_k ( lst , k ) :
    af_sort = [ ]
    while lst :
        biggest = lst [ 0 ]
        for element in lst :
            if ( element > biggest ) :
                biggest = element
        lst . remove ( biggest )
        af_sort . append ( biggest )
    return af_sort [ 0 : k ]


",N/A,N/A,N/A,N/A,N/A,N/A,N/A,0.002,0.006,N/A,N/A,N/A
question_5,100,0,wrong_5_091.py,success_w_gpt_only,N/A,0,N/A,N/A,N/A,N/A,N/A,"def top_k ( lst , k ) :
    lst2 = [ ]
    for i in range ( k ) :
        max_val = lst [ 0 ]
        max_index = 0
        for j in range ( len ( lst ) ) :
            if ( lst [ j ] > max_val ) :
                max_val = lst [ j ]
                max_index = j
        lst2 . append ( max_val )
        lst . pop ( max_index )
    return lst2


",N/A,N/A,N/A,N/A,N/A,N/A,N/A,0.002,0.007,N/A,N/A,N/A
question_5,100,0,wrong_5_061.py,success_w_gpt_only,N/A,1,N/A,N/A,N/A,N/A,N/A,"def top_k ( lst , k ) :
    new_lst = [ ]
    while lst :
        biggest = lst [ 0 ]
        for x in lst :
            if ( x > biggest ) :
                biggest = x
        lst . remove ( biggest )
        new_lst . append ( biggest )
    return new_lst [ : k ]


",N/A,N/A,N/A,N/A,N/A,N/A,N/A,0.002,0.006,N/A,N/A,N/A
question_5,100,0,wrong_5_034.py,fail_exception,N/A,1,N/A,N/A,N/A,N/A,N/A,N/A,N/A,N/A,N/A,N/A,N/A,N/A,N/A,0.002,0.005,N/A,N/A,N/A
question_5,100,0,wrong_5_038.py,success_w_gpt_only,N/A,1,N/A,N/A,N/A,N/A,N/A,"def top_k ( lst , k ) :
    i = 0
    while ( ( i + 1 ) < len ( lst ) ) :
        if ( lst [ i ] < lst [ ( i + 1 ) ] ) :
            lst . extend ( [ lst [ i ] ] )
            lst . pop ( i )
            i = 0
        else :
            i += 1
    return lst [ : k ]


",N/A,N/A,N/A,N/A,N/A,N/A,N/A,0.002,0.007,N/A,N/A,N/A
question_5,100,0,wrong_5_095.py,success_w_gpt_only,N/A,1,N/A,N/A,N/A,N/A,N/A,"def top_k ( lst , k ) :
    for i in range ( len ( lst ) ) :
        for j in range ( ( len ( lst ) - 1 ) ) :
            if ( lst [ j ] > lst [ ( j + 1 ) ] ) :
                ( lst [ j ] , lst [ ( j + 1 ) ] ) = ( lst [ ( j + 1 ) ] , lst [ j ] )
    lst . reverse ( )
    return lst [ : k ]


",N/A,N/A,N/A,N/A,N/A,N/A,N/A,0.002,0.007,N/A,N/A,N/A
question_5,100,0,wrong_5_012.py,fail_exception,N/A,0,N/A,N/A,N/A,N/A,N/A,N/A,N/A,N/A,N/A,N/A,N/A,N/A,N/A,0.002,0.006,N/A,N/A,N/A
question_5,100,0,wrong_5_030.py,fail_exception,N/A,1,N/A,N/A,N/A,N/A,N/A,N/A,N/A,N/A,N/A,N/A,N/A,N/A,N/A,0.002,0.006,N/A,N/A,N/A
question_5,100,0,wrong_5_086.py,success_w_gpt_only,N/A,1,N/A,N/A,N/A,N/A,N/A,"def top_k ( lst , k ) :
    ls = [ ]
    for i in range ( k ) :
        ls . append ( max ( lst ) )
        lst . remove ( max ( lst ) )
    return ls


",N/A,N/A,N/A,N/A,N/A,N/A,N/A,0.002,0.005,N/A,N/A,N/A
question_5,100,0,wrong_5_096.py,fail_exception,N/A,0,N/A,N/A,N/A,N/A,N/A,N/A,N/A,N/A,N/A,N/A,N/A,N/A,N/A,0.002,0.005,N/A,N/A,N/A
question_5,100,0,wrong_5_029.py,success_w_gpt_only,N/A,1,N/A,N/A,N/A,N/A,N/A,"def top_k ( lst , k ) :
    sorted_list = [ ]
    while lst :
        smallest = lst [ 0 ]
        for element in lst :
            if ( element < smallest ) :
                smallest = element
        lst . remove ( smallest )
        sorted_list . append ( smallest )
    return sorted_list [ : : ( - 1 ) ] [ : k ]


",N/A,N/A,N/A,N/A,N/A,N/A,N/A,0.002,0.006,N/A,N/A,N/A
question_5,100,0,wrong_5_090.py,success_w_gpt_only,N/A,1,N/A,N/A,N/A,N/A,N/A,"def top_k ( lst , k ) :
    sort = [ ]
    while lst :
        big = max ( lst )
        sort . append ( big )
        lst . remove ( big )
    output = [ n for n in sort if ( sort . index ( n ) < k ) ]
    return output


",N/A,N/A,N/A,N/A,N/A,N/A,N/A,0.002,0.005,N/A,N/A,N/A
question_5,100,0,wrong_5_002.py,success_w_gpt_only,N/A,1,N/A,N/A,N/A,N/A,N/A,"def top_k ( lst , k ) :
    lst_res = lst
    sort = [ ]
    while lst_res :
        largest = lst_res [ 0 ]
        for element in lst_res :
            if ( element > largest ) :
                largest = element
        lst_res . remove ( largest )
        sort . append ( largest )
    return sort [ : k ]


",N/A,N/A,N/A,N/A,N/A,N/A,N/A,0.002,0.006,N/A,N/A,N/A
question_5,100,0,wrong_5_070.py,fail_exception,N/A,1,N/A,N/A,N/A,N/A,N/A,N/A,N/A,N/A,N/A,N/A,N/A,N/A,N/A,0.002,0.005,N/A,N/A,N/A
question_5,100,0,wrong_5_032.py,success_w_gpt_only,N/A,1,N/A,N/A,N/A,N/A,N/A,"def top_k ( lst , k ) :
    new_lst = [ ]
    while lst :
        largest = lst [ 0 ]
        for number in lst :
            if ( number > largest ) :
                largest = number
        new_lst . append ( largest )
        lst . remove ( largest )
    return new_lst [ : k ]


",N/A,N/A,N/A,N/A,N/A,N/A,N/A,0.002,0.006,N/A,N/A,N/A
question_5,100,0,wrong_5_075.py,fail_exception,N/A,1,N/A,N/A,N/A,N/A,N/A,N/A,N/A,N/A,N/A,N/A,N/A,N/A,N/A,0.002,0.005,N/A,N/A,N/A
question_5,100,0,wrong_5_003.py,success_w_gpt_only,N/A,1,N/A,N/A,N/A,N/A,N/A,"def top_k ( lst , k ) :
    ls = [ ]
    for i in range ( k ) :
        ls . append ( max ( lst ) )
        lst . remove ( max ( lst ) )
    return ls


",N/A,N/A,N/A,N/A,N/A,N/A,N/A,0.002,0.005,N/A,N/A,N/A
question_5,100,0,wrong_5_045.py,success_w_gpt_only,N/A,1,N/A,N/A,N/A,N/A,N/A,"def top_k ( lst , k ) :
    newlst = [ ]
    while ( len ( newlst ) < k ) :
        maximum = lst [ 0 ]
        for i in lst :
            if ( i > maximum ) :
                maximum = i
        newlst . append ( maximum )
        lst . remove ( maximum )
    return newlst


",N/A,N/A,N/A,N/A,N/A,N/A,N/A,0.002,0.006,N/A,N/A,N/A
question_5,100,0,wrong_5_007.py,fail_exception,N/A,0,N/A,N/A,N/A,N/A,N/A,N/A,N/A,N/A,N/A,N/A,N/A,N/A,N/A,0.002,0.006,N/A,N/A,N/A
question_5,100,0,wrong_5_043.py,success_w_gpt_only,N/A,1,N/A,N/A,N/A,N/A,N/A,"def top_k ( lst , k ) :
    a = [ ]
    while lst :
        largest = lst [ 0 ]
        for i in lst :
            if ( i > largest ) :
                largest = i
        lst . remove ( largest )
        a . append ( largest )
    return a [ : k ]


",N/A,N/A,N/A,N/A,N/A,N/A,N/A,0.002,0.006,N/A,N/A,N/A
question_5,100,0,wrong_5_073.py,fail_exception,N/A,1,N/A,N/A,N/A,N/A,N/A,N/A,N/A,N/A,N/A,N/A,N/A,N/A,N/A,0.002,0.006,N/A,N/A,N/A
question_5,100,0,wrong_5_063.py,success_w_gpt_only,N/A,1,N/A,N/A,N/A,N/A,N/A,"def top_k ( lst , k ) :
    if ( k <= 0 ) :
        return [ ]
    else :
        ls = [ ]
        for i in range ( k ) :
            ls . append ( max ( lst ) )
            lst . remove ( max ( lst ) )
        return ls


",N/A,N/A,N/A,N/A,N/A,N/A,N/A,0.002,0.005,N/A,N/A,N/A
question_5,100,0,wrong_5_026.py,success_w_gpt_only,N/A,1,N/A,N/A,N/A,N/A,N/A,"def top_k ( lst , k ) :
    if ( lst == [ ] ) :
        return [ ]
    sort = [ ]
    while lst :
        largest = lst [ 0 ]
        for i in lst :
            if ( i > largest ) :
                largest = i
        lst . remove ( largest )
        sort . append ( largest )
    return sort [ : k ]


",N/A,N/A,N/A,N/A,N/A,N/A,N/A,0.002,0.006,N/A,N/A,N/A
question_5,100,0,wrong_5_004.py,fail_exception,N/A,0,N/A,N/A,N/A,N/A,N/A,N/A,N/A,N/A,N/A,N/A,N/A,N/A,N/A,0.002,0.006,N/A,N/A,N/A
question_5,100,0,wrong_5_027.py,fail_exception,N/A,1,N/A,N/A,N/A,N/A,N/A,N/A,N/A,N/A,N/A,N/A,N/A,N/A,N/A,0.002,10.058,N/A,N/A,N/A
question_5,100,0,wrong_5_102.py,success_w_gpt_only,N/A,1,N/A,N/A,N/A,N/A,N/A,"def top_k ( lst , k ) :
    new_lst = [ ]
    for i in range ( k ) :
        new_lst . append ( max ( lst ) )
        lst . remove ( max ( lst ) )
    return new_lst


",N/A,N/A,N/A,N/A,N/A,N/A,N/A,0.002,0.005,N/A,N/A,N/A
question_5,100,0,wrong_5_028.py,success_w_gpt_only,N/A,1,N/A,N/A,N/A,N/A,N/A,"def top_k ( lst , k ) :
    sort = [ ]
    while lst :
        largest = lst [ 0 ]
        for i in lst :
            if ( i > largest ) :
                largest = i
        sort . append ( largest )
        lst . remove ( largest )
    return sort [ : k ]


",N/A,N/A,N/A,N/A,N/A,N/A,N/A,0.002,0.005,N/A,N/A,N/A
question_5,100,0,wrong_5_060.py,success_w_gpt_only,N/A,1,N/A,N/A,N/A,N/A,N/A,"def top_k ( lst , k ) :
    new_lst = [ ]
    while lst :
        biggest = lst [ 0 ]
        for x in lst :
            if ( x > biggest ) :
                biggest = x
        lst . remove ( biggest )
        new_lst . append ( biggest )
    return new_lst [ : k ]


",N/A,N/A,N/A,N/A,N/A,N/A,N/A,0.002,0.006,N/A,N/A,N/A
question_5,100,0,wrong_5_047.py,success_w_gpt_only,N/A,1,N/A,N/A,N/A,N/A,N/A,"def top_k ( lst , k ) :
    sorted_lst = [ ]
    while lst :
        biggest = lst [ 0 ]
        for n in range ( 1 , len ( lst ) ) :
            if ( lst [ n ] > biggest ) :
                biggest = lst [ n ]
        lst . remove ( biggest )
        sorted_lst . append ( biggest )
    return sorted_lst [ : k ]


",N/A,N/A,N/A,N/A,N/A,N/A,N/A,0.002,0.006,N/A,N/A,N/A
question_5,100,0,wrong_5_055.py,success_w_gpt_only,N/A,1,N/A,N/A,N/A,N/A,N/A,"def top_k ( lst , k ) :
    values = [ ]
    greatest = lst [ 0 ]
    while ( len ( values ) < k ) :
        for item in lst :
            if ( item > greatest ) :
                greatest = item
        lst . remove ( greatest )
        values . append ( greatest )
        if ( len ( lst ) > 0 ) :
            greatest = lst [ 0 ]
    return values


",N/A,N/A,N/A,N/A,N/A,N/A,N/A,0.002,0.006,N/A,N/A,N/A
question_5,100,0,wrong_5_001.py,success_w_gpt_only,N/A,1,N/A,N/A,N/A,N/A,N/A,"def top_k ( lst , k ) :
    result = [ ]
    while ( k > 0 ) :
        big = max ( lst )
        result . append ( big )
        lst . remove ( big )
        k -= 1
    return result


",N/A,N/A,N/A,N/A,N/A,N/A,N/A,0.002,0.005,N/A,N/A,N/A
question_5,100,0,wrong_5_008.py,success_w_gpt_only,N/A,1,N/A,N/A,N/A,N/A,N/A,"def top_k ( lst , k ) :
    sort = [ ]
    while lst :
        biggest = lst [ 0 ]
        for element in lst :
            if ( element > biggest ) :
                biggest = element
        lst . remove ( biggest )
        sort . append ( biggest )
    return sort [ : k ]


",N/A,N/A,N/A,N/A,N/A,N/A,N/A,0.002,0.005,N/A,N/A,N/A
question_5,100,0,wrong_5_105.py,success_w_gpt_only,N/A,1,N/A,N/A,N/A,N/A,N/A,"def top_k ( lst , k ) :
    sort = [ ]
    while lst :
        largest = lst [ 0 ]
        for element in lst :
            if ( element > largest ) :
                largest = element
        lst . remove ( largest )
        sort . append ( largest )
    return sort [ : k ]


",N/A,N/A,N/A,N/A,N/A,N/A,N/A,0.002,0.006,N/A,N/A,N/A
question_5,100,0,wrong_5_104.py,success_w_gpt_only,N/A,1,N/A,N/A,N/A,N/A,N/A,"def top_k ( lst , k ) :
    new_lst = [ ]
    for i in range ( k ) :
        new_lst . append ( max ( lst ) )
        lst . remove ( max ( lst ) )
    return new_lst


",N/A,N/A,N/A,N/A,N/A,N/A,N/A,0.002,0.005,N/A,N/A,N/A
question_5,100,0,wrong_5_052.py,success_w_gpt_only,N/A,1,N/A,N/A,N/A,N/A,N/A,"def top_k ( lst , k ) :
    ls = [ ]
    for i in range ( k ) :
        ls . append ( max ( lst ) )
        lst . remove ( max ( lst ) )
    return ls


",N/A,N/A,N/A,N/A,N/A,N/A,N/A,0.002,0.005,N/A,N/A,N/A
question_5,100,0,wrong_5_037.py,fail_exception,N/A,1,N/A,N/A,N/A,N/A,N/A,N/A,N/A,N/A,N/A,N/A,N/A,N/A,N/A,0.002,0.006,N/A,N/A,N/A
question_5,100,0,wrong_5_099.py,success_w_gpt_only,N/A,0,N/A,N/A,N/A,N/A,N/A,"def top_k ( lst , k ) :
    ls = [ ]
    for i in range ( k ) :
        ls . append ( max ( lst ) )
        lst . remove ( max ( lst ) )
    return ls


",N/A,N/A,N/A,N/A,N/A,N/A,N/A,0.002,0.005,N/A,N/A,N/A
question_5,100,0,wrong_5_108.py,success_w_gpt_only,N/A,1,N/A,N/A,N/A,N/A,N/A,"def top_k ( lst , k ) :
    new_lst = [ ]
    counter = 0
    while ( counter < k ) :
        highest = lst [ 0 ]
        for x in lst :
            if ( x > highest ) :
                highest = x
        new_lst . append ( highest )
        lst . remove ( highest )
        counter += 1
    return new_lst


",N/A,N/A,N/A,N/A,N/A,N/A,N/A,0.002,0.006,N/A,N/A,N/A
question_5,100,0,wrong_5_025.py,success_w_gpt_only,N/A,1,N/A,N/A,N/A,N/A,N/A,"def top_k ( lst , k ) :
    sort = [ ]
    while lst :
        biggest = lst [ 0 ]
        for i in lst [ 1 : ] :
            if ( i > biggest ) :
                biggest = i
        lst . remove ( biggest )
        sort . append ( biggest )
    sort_k = [ ]
    for n in range ( k ) :
        sort_k . append ( sort . pop ( 0 ) )
    return sort_k


",N/A,N/A,N/A,N/A,N/A,N/A,N/A,0.002,0.006,N/A,N/A,N/A
question_5,100,0,wrong_5_020.py,success_w_gpt_only,N/A,1,N/A,N/A,N/A,N/A,N/A,"def top_k ( lst , k ) :
    arranged = [ ]
    while ( k > 0 ) :
        max_val = max ( lst )
        lst . remove ( max_val )
        arranged . append ( max_val )
        k -= 1
    return arranged


",N/A,N/A,N/A,N/A,N/A,N/A,N/A,0.002,0.005,N/A,N/A,N/A
question_5,100,0,wrong_5_050.py,success_w_gpt_only,N/A,1,N/A,N/A,N/A,N/A,N/A,"def top_k ( lst , k ) :
    newlist = [ ]
    while ( len ( newlist ) < k ) :
        newlist . append ( max ( lst ) )
        for i in range ( len ( lst ) ) :
            if ( lst [ i ] == max ( lst ) ) :
                break
        del lst [ i ]
    return newlist


",N/A,N/A,N/A,N/A,N/A,N/A,N/A,0.002,0.006,N/A,N/A,N/A
question_5,100,0,wrong_5_031.py,success_w_gpt_only,N/A,1,N/A,N/A,N/A,N/A,N/A,"def top_k ( lst , k ) :
    new_lst = [ ]
    while lst :
        largest = lst [ 0 ]
        for number in lst :
            if ( number > largest ) :
                largest = number
        new_lst . append ( largest )
        lst . remove ( largest )
    return new_lst [ : k ]


",N/A,N/A,N/A,N/A,N/A,N/A,N/A,0.002,0.006,N/A,N/A,N/A
question_5,100,0,wrong_5_072.py,fail_exception,N/A,1,N/A,N/A,N/A,N/A,N/A,N/A,N/A,N/A,N/A,N/A,N/A,N/A,N/A,0.002,0.006,N/A,N/A,N/A
question_5,100,0,wrong_5_064.py,fail_exception,N/A,1,N/A,N/A,N/A,N/A,N/A,N/A,N/A,N/A,N/A,N/A,N/A,N/A,N/A,0.002,6.037,N/A,N/A,N/A
question_5,100,0,wrong_5_011.py,success_w_gpt_only,N/A,1,N/A,N/A,N/A,N/A,N/A,"def top_k ( lst , k ) :
    new = [ ]
    while ( lst != [ ] ) :
        big = lst [ 0 ]
        for i in lst :
            if ( i > big ) :
                big = i
        lst . remove ( big )
        new . append ( big )
    return new [ : k ]


",N/A,N/A,N/A,N/A,N/A,N/A,N/A,0.002,0.006,N/A,N/A,N/A
question_5,100,0,wrong_5_089.py,success_w_gpt_only,N/A,1,N/A,N/A,N/A,N/A,N/A,"def top_k ( lst , k ) :
    newlist = [ ]
    while lst :
        biggest = lst [ 0 ]
        for i in lst :
            if ( i > biggest ) :
                biggest = i
        lst . remove ( biggest )
        if ( len ( newlist ) == k ) :
            break
        newlist . append ( biggest )
    return newlist


",N/A,N/A,N/A,N/A,N/A,N/A,N/A,0.002,0.006,N/A,N/A,N/A
question_5,100,0,wrong_5_080.py,success_w_gpt_only,N/A,1,N/A,N/A,N/A,N/A,N/A,"def top_k ( lst , k ) :
    sotsot = [ ]
    while ( len ( sotsot ) < k ) :
        sotsot . append ( max ( lst ) )
        lst . remove ( max ( lst ) )
    return sotsot


",N/A,N/A,N/A,N/A,N/A,N/A,N/A,0.002,0.005,N/A,N/A,N/A
question_5,100,0,wrong_5_106.py,success_w_gpt_only,N/A,1,N/A,N/A,N/A,N/A,N/A,"def top_k ( lst , k ) :
    new = [ ]
    for i in range ( k ) :
        new . append ( max ( lst ) )
        lst . remove ( max ( lst ) )
    return new


",N/A,N/A,N/A,N/A,N/A,N/A,N/A,0.002,0.006,N/A,N/A,N/A
question_5,100,0,wrong_5_042.py,success_w_gpt_only,N/A,1,N/A,N/A,N/A,N/A,N/A,"def top_k ( lst , k ) :
    sort = [ ]
    x = len ( lst )
    while ( x >= ( x - k ) ) :
        largest = lst [ 0 ]
        for element in lst :
            if ( element > largest ) :
                largest = element
        lst . remove ( largest )
        sort . append ( largest )
    return sort
def top_k ( lst , k ) :
    ls = [ ]
    for i in range ( k ) :
        ls . append ( max ( lst ) )
        lst . remove ( max ( lst ) )
    return ls


",N/A,N/A,N/A,N/A,N/A,N/A,N/A,0.002,0.006,N/A,N/A,N/A
question_5,100,0,wrong_5_017.py,success_w_gpt_only,N/A,1,N/A,N/A,N/A,N/A,N/A,"def top_k ( lst , k ) :
    result = [ ]
    while lst :
        biggest = lst [ 0 ]
        for number in lst :
            if ( number > biggest ) :
                biggest = number
        lst . remove ( biggest )
        result . append ( biggest )
    return result [ : k ]


",N/A,N/A,N/A,N/A,N/A,N/A,N/A,0.002,0.006,N/A,N/A,N/A
question_5,100,0,wrong_5_005.py,fail_exception,N/A,0,N/A,N/A,N/A,N/A,N/A,N/A,N/A,N/A,N/A,N/A,N/A,N/A,N/A,0.002,0.006,N/A,N/A,N/A
question_5,100,0,wrong_5_074.py,fail_exception,N/A,1,N/A,N/A,N/A,N/A,N/A,N/A,N/A,N/A,N/A,N/A,N/A,N/A,N/A,0.002,0.005,N/A,N/A,N/A
question_5,100,0,wrong_5_092.py,success_w_gpt_only,N/A,0,N/A,N/A,N/A,N/A,N/A,"def top_k ( lst , k ) :
    lst2 = [ ]
    for i in range ( k ) :
        lst2 . append ( max ( lst ) )
        lst . remove ( max ( lst ) )
    return lst2


",N/A,N/A,N/A,N/A,N/A,N/A,N/A,0.002,0.005,N/A,N/A,N/A
question_5,100,0,wrong_5_067.py,success_w_gpt_only,N/A,1,N/A,N/A,N/A,N/A,N/A,"def top_k ( lst , k ) :
    new = [ ]
    for i in range ( k ) :
        new . append ( max ( lst ) )
        lst . remove ( max ( lst ) )
    return new


",N/A,N/A,N/A,N/A,N/A,N/A,N/A,0.002,0.005,N/A,N/A,N/A
question_5,100,0,wrong_5_054.py,success_w_gpt_only,N/A,1,N/A,N/A,N/A,N/A,N/A,"def top_k ( lst , k ) :
    op = [ ]
    for i in range ( k ) :
        op . append ( max ( lst ) )
        lst . remove ( max ( lst ) )
    return op


",N/A,N/A,N/A,N/A,N/A,N/A,N/A,0.002,0.005,N/A,N/A,N/A
question_5,100,0,wrong_5_013.py,fail_exception,N/A,0,N/A,N/A,N/A,N/A,N/A,N/A,N/A,N/A,N/A,N/A,N/A,N/A,N/A,0.002,0.006,N/A,N/A,N/A
question_5,100,0,wrong_5_009.py,success_w_gpt_only,N/A,0,N/A,N/A,N/A,N/A,N/A,"def top_k ( lst , k ) :
    ls = [ ]
    for i in range ( k ) :
        ls . append ( max ( lst ) )
        lst . remove ( max ( lst ) )
    return ls


",N/A,N/A,N/A,N/A,N/A,N/A,N/A,0.002,0.005,N/A,N/A,N/A
question_5,100,0,wrong_5_062.py,success_w_gpt_only,N/A,1,N/A,N/A,N/A,N/A,N/A,"def top_k ( lst , k ) :
    a = [ ]
    while lst :
        biggest = lst [ 0 ]
        for element in lst :
            if ( element > biggest ) :
                biggest = element
        lst . remove ( biggest )
        a . append ( biggest )
    return a [ : k ]


",N/A,N/A,N/A,N/A,N/A,N/A,N/A,0.002,0.006,N/A,N/A,N/A
question_5,100,0,wrong_5_077.py,success_w_gpt_only,N/A,1,N/A,N/A,N/A,N/A,N/A,"def top_k ( lst , k ) :
    result = [ ]
    while lst :
        maximum = lst [ 0 ]
        for x in lst :
            if ( x > maximum ) :
                maximum = x
        result . append ( maximum )
        lst . remove ( maximum )
    return result [ : k ]


",N/A,N/A,N/A,N/A,N/A,N/A,N/A,0.002,0.006,N/A,N/A,N/A
question_5,100,0,wrong_5_076.py,fail_exception,N/A,1,N/A,N/A,N/A,N/A,N/A,N/A,N/A,N/A,N/A,N/A,N/A,N/A,N/A,0.002,0.005,N/A,N/A,N/A
question_5,100,0,wrong_5_093.py,success_w_gpt_only,N/A,1,N/A,N/A,N/A,N/A,N/A,"def top_k ( lst , k ) :
    result = [ ]
    while lst :
        biggest = lst [ 0 ]
        for elem in lst :
            if ( elem > biggest ) :
                biggest = elem
        lst . remove ( biggest )
        result . append ( biggest )
    return result [ : k ]


",N/A,N/A,N/A,N/A,N/A,N/A,N/A,0.002,0.006,N/A,N/A,N/A
question_5,100,0,wrong_5_033.py,fail_exception,N/A,0,N/A,N/A,N/A,N/A,N/A,N/A,N/A,N/A,N/A,N/A,N/A,N/A,N/A,0.002,0.006,N/A,N/A,N/A
question_5,100,0,wrong_5_066.py,success_w_gpt_only,N/A,1,N/A,N/A,N/A,N/A,N/A,"def top_k ( lst , k ) :
    sort = [ ]
    while lst :
        largest = lst [ 0 ]
        for item in lst :
            if ( item > largest ) :
                largest = item
        lst . remove ( largest )
        sort . append ( largest )
    return sort [ : k ]


",N/A,N/A,N/A,N/A,N/A,N/A,N/A,0.002,0.006,N/A,N/A,N/A
question_5,100,0,wrong_5_079.py,fail_exception,N/A,1,N/A,N/A,N/A,N/A,N/A,N/A,N/A,N/A,N/A,N/A,N/A,N/A,N/A,0.002,0.005,N/A,N/A,N/A
question_5,100,0,wrong_5_024.py,success_w_gpt_only,N/A,1,N/A,N/A,N/A,N/A,N/A,"def top_k ( lst , k ) :
    sort = [ ]
    while lst :
        biggest = lst [ 0 ]
        for i in lst [ 1 : ] :
            if ( i > biggest ) :
                biggest = i
        lst . remove ( biggest )
        sort . append ( biggest )
    sort_k = [ ]
    n = 1
    while ( n <= k ) :
        sort_k . append ( sort . pop ( 0 ) )
        n += 1
    return sort_k


",N/A,N/A,N/A,N/A,N/A,N/A,N/A,0.002,0.006,N/A,N/A,N/A
question_5,100,0,wrong_5_041.py,success_w_gpt_only,N/A,1,N/A,N/A,N/A,N/A,N/A,"def top_k ( lst , k ) :
    i = 0
    while ( ( i + 1 ) < len ( lst ) ) :
        if ( lst [ i ] < lst [ ( i + 1 ) ] ) :
            lst . extend ( [ lst [ i ] ] )
            lst . pop ( i )
            i = 0
        else :
            i += 1
    return lst [ : k ]


",N/A,N/A,N/A,N/A,N/A,N/A,N/A,0.002,0.006,N/A,N/A,N/A
question_5,100,0,wrong_5_023.py,success_w_gpt_only,N/A,1,N/A,N/A,N/A,N/A,N/A,"def top_k ( lst , k ) :
    sort = [ ]
    while lst :
        biggest = lst [ 0 ]
        for i in lst [ 1 : ] :
            if ( i > biggest ) :
                biggest = i
        lst . remove ( biggest )
        sort . append ( biggest )
    sort_k = [ ]
    n = 1
    while ( n <= k ) :
        sort_k . append ( sort . pop ( 0 ) )
        n += 1
    return sort_k


",N/A,N/A,N/A,N/A,N/A,N/A,N/A,0.002,0.006,N/A,N/A,N/A
question_5,100,0,wrong_5_058.py,success_w_gpt_only,N/A,1,N/A,N/A,N/A,N/A,N/A,"def top_k ( lst , k ) :
    new_lst = [ ]
    for i in range ( k ) :
        new_lst . append ( max ( lst ) )
        lst . remove ( max ( lst ) )
    return new_lst


",N/A,N/A,N/A,N/A,N/A,N/A,N/A,0.002,0.005,N/A,N/A,N/A
question_5,100,0,wrong_5_057.py,fail_exception,N/A,1,N/A,N/A,N/A,N/A,N/A,N/A,N/A,N/A,N/A,N/A,N/A,N/A,N/A,0.002,0.006,N/A,N/A,N/A
question_5,100,0,wrong_5_018.py,success_w_gpt_only,N/A,1,N/A,N/A,N/A,N/A,N/A,"def top_k ( lst , k ) :
    sort = [ ]
    while lst :
        largest = lst [ 0 ]
        for element in lst :
            if ( element > largest ) :
                largest = element
        lst . remove ( largest )
        sort . append ( largest )
    return sort [ : k ]


",N/A,N/A,N/A,N/A,N/A,N/A,N/A,0.002,0.006,N/A,N/A,N/A
question_5,100,0,wrong_5_078.py,success_w_gpt_only,N/A,1,N/A,N/A,N/A,N/A,N/A,"def top_k ( lst , k ) :
    sort = [ ]
    while lst :
        largest = lst [ 0 ]
        for element in lst :
            if ( element > largest ) :
                largest = element
        lst . remove ( largest )
        sort . append ( largest )
    return sort [ : k ]


",N/A,N/A,N/A,N/A,N/A,N/A,N/A,0.009,0.012,N/A,N/A,N/A
question_5,100,0,wrong_5_100.py,success_w_gpt_only,N/A,1,N/A,N/A,N/A,N/A,N/A,"def top_k ( lst , k ) :
    l = [ ]
    if ( k > len ( lst ) ) :
        return False
    elif ( k == 1 ) :
        return lst
    else :
        while ( len ( l ) < k ) :
            a = max ( lst )
            lst . remove ( a )
            l . append ( a )
        return l


",N/A,N/A,N/A,N/A,N/A,N/A,N/A,0.002,0.006,N/A,N/A,N/A
question_5,100,0,wrong_5_084.py,success_w_gpt_only,N/A,0,N/A,N/A,N/A,N/A,N/A,"def top_k ( lst , k ) :
    new_list = [ ]
    for i in range ( k ) :
        new_list . append ( max ( lst ) )
        lst . remove ( max ( lst ) )
    return new_list


",N/A,N/A,N/A,N/A,N/A,N/A,N/A,0.002,0.005,N/A,N/A,N/A
question_5,100,0,wrong_5_006.py,fail_exception,N/A,0,N/A,N/A,N/A,N/A,N/A,N/A,N/A,N/A,N/A,N/A,N/A,N/A,N/A,0.002,0.005,N/A,N/A,N/A
question_5,100,0,wrong_5_049.py,fail_exception,N/A,1,N/A,N/A,N/A,N/A,N/A,N/A,N/A,N/A,N/A,N/A,N/A,N/A,N/A,0.002,0.005,N/A,N/A,N/A
question_5,100,0,wrong_5_010.py,success_w_gpt_only,N/A,0,N/A,N/A,N/A,N/A,N/A,"def top_k ( lst , k ) :
    ls = [ ]
    for i in range ( k ) :
        ls . append ( max ( lst ) )
        lst . remove ( max ( lst ) )
    return ls


",N/A,N/A,N/A,N/A,N/A,N/A,N/A,0.002,0.005,N/A,N/A,N/A
question_5,100,0,wrong_5_021.py,success_w_gpt_only,N/A,1,N/A,N/A,N/A,N/A,N/A,"def top_k ( lst , k ) :
    r = [ ]
    for qwerty in range ( 0 , k ) :
        biggest = lst [ 0 ]
        for num in lst :
            if ( biggest < num ) :
                biggest = num
        r . append ( biggest )
        lst . remove ( biggest )
    return r


",N/A,N/A,N/A,N/A,N/A,N/A,N/A,0.002,0.006,N/A,N/A,N/A
question_5,100,0,wrong_5_035.py,success_w_gpt_only,N/A,1,N/A,N/A,N/A,N/A,N/A,"def top_k ( lst , k ) :
    ls = [ ]
    for i in range ( k ) :
        ls . append ( max ( lst ) )
        lst . remove ( max ( lst ) )
    return ls


",N/A,N/A,N/A,N/A,N/A,N/A,N/A,0.002,0.005,N/A,N/A,N/A
question_5,100,0,wrong_5_071.py,fail_exception,N/A,1,N/A,N/A,N/A,N/A,N/A,N/A,N/A,N/A,N/A,N/A,N/A,N/A,N/A,0.002,0.005,N/A,N/A,N/A
question_5,100,0,wrong_5_016.py,fail_exception,N/A,0,N/A,N/A,N/A,N/A,N/A,N/A,N/A,N/A,N/A,N/A,N/A,N/A,N/A,0.003,0.007,N/A,N/A,N/A
